timestamp,source,name,value,unit
2025-08-01T08:00:00-00:00,caiso,electricity_price_caiso_sp15,40.95663,USD/MWh
2025-08-01T09:00:00-00:00,caiso,electricity_price_caiso_sp15,38.76622,USD/MWh
2025-08-01T10:00:00-00:00,caiso,electricity_price_caiso_sp15,38.62013,USD/MWh
2025-08-01T11:00:00-00:00,caiso,electricity_price_caiso_sp15,40.37559,USD/MWh
2025-08-01T12:00:00-00:00,caiso,electricity_price_caiso_sp15,40.94891,USD/MWh
2025-08-01T13:00:00-00:00,caiso,electricity_price_caiso_sp15,43.37981,USD/MWh
2025-08-01T14:00:00-00:00,caiso,electricity_price_caiso_sp15,25.88579,USD/MWh
2025-08-01T15:00:00-00:00,caiso,electricity_price_caiso_sp15,18.40381,USD/MWh
2025-08-01T16:00:00-00:00,caiso,electricity_price_caiso_sp15,17.49966,USD/MWh
2025-08-01T17:00:00-00:00,caiso,electricity_price_caiso_sp15,19.15402,USD/MWh
2025-08-01T18:00:00-00:00,caiso,electricity_price_caiso_sp15,19.79777,USD/MWh
2025-08-01T19:00:00-00:00,caiso,electricity_price_caiso_sp15,19.69011,USD/MWh
2025-08-01T20:00:00-00:00,caiso,electricity_price_caiso_sp15,19.25867,USD/MWh
2025-08-01T21:00:00-00:00,caiso,electricity_price_caiso_sp15,19.46864,USD/MWh
2025-08-01T22:00:00-00:00,caiso,electricity_price_caiso_sp15,20.29439,USD/MWh
2025-08-01T23:00:00-00:00,caiso,electricity_price_caiso_sp15,21.04751,USD/MWh
2025-08-02T00:00:00-00:00,caiso,electricity_price_caiso_sp15,30.40962,USD/MWh
2025-08-02T01:00:00-00:00,caiso,electricity_price_caiso_sp15,41.96271,USD/MWh
2025-08-02T02:00:00-00:00,caiso,electricity_price_caiso_sp15,45.2263,USD/MWh
2025-08-02T03:00:00-00:00,caiso,electricity_price_caiso_sp15,44.67012,USD/MWh
2025-08-02T04:00:00-00:00,caiso,electricity_price_caiso_sp15,42.41302,USD/MWh
2025-08-02T05:00:00-00:00,caiso,electricity_price_caiso_sp15,41.88449,USD/MWh
2025-08-02T06:00:00-00:00,caiso,electricity_price_caiso_sp15,41.24693,USD/MWh
2025-08-02T07:00:00-00:00,caiso,electricity_price_caiso_sp15,41.74189,USD/MWh
2025-08-02T08:00:00-00:00,caiso,electricity_price_caiso_sp15,39.32411,USD/MWh
2025-08-02T09:00:00-00:00,caiso,electricity_price_caiso_sp15,39.20372,USD/MWh
2025-08-02T10:00:00-00:00,caiso,electricity_price_caiso_sp15,38.24263,USD/MWh
2025-08-02T11:00:00-00:00,caiso,electricity_price_caiso_sp15,38.73799,USD/MWh
2025-08-02T12:00:00-00:00,caiso,electricity_price_caiso_sp15,38.67221,USD/MWh
2025-08-02T13:00:00-00:00,caiso,electricity_price_caiso_sp15,34.10532,USD/MWh
2025-08-02T14:00:00-00:00,caiso,electricity_price_caiso_sp15,14.01466,USD/MWh
2025-08-02T15:00:00-00:00,caiso,electricity_price_caiso_sp15,6.17871,USD/MWh
2025-08-02T16:00:00-00:00,caiso,electricity_price_caiso_sp15,2.46601,USD/MWh
2025-08-02T17:00:00-00:00,caiso,electricity_price_caiso_sp15,6.2351,USD/MWh
2025-08-02T18:00:00-00:00,caiso,electricity_price_caiso_sp15,6.14824,USD/MWh
2025-08-02T19:00:00-00:00,caiso,electricity_price_caiso_sp15,6.25743,USD/MWh
2025-08-02T20:00:00-00:00,caiso,electricity_price_caiso_sp15,5.99618,USD/MWh
2025-08-02T21:00:00-00:00,caiso,electricity_price_caiso_sp15,6.63989,USD/MWh
2025-08-02T22:00:00-00:00,caiso,electricity_price_caiso_sp15,10.15912,USD/MWh
2025-08-02T23:00:00-00:00,caiso,electricity_price_caiso_sp15,11.62926,USD/MWh
2025-08-03T00:00:00-00:00,caiso,electricity_price_caiso_sp15,22.78897,USD/MWh
2025-08-03T01:00:00-00:00,caiso,electricity_price_caiso_sp15,39.20402,USD/MWh
2025-08-03T02:00:00-00:00,caiso,electricity_price_caiso_sp15,43.80109,USD/MWh
2025-08-03T03:00:00-00:00,caiso,electricity_price_caiso_sp15,45.14421,USD/MWh
2025-08-03T04:00:00-00:00,caiso,electricity_price_caiso_sp15,40.98376,USD/MWh
2025-08-03T05:00:00-00:00,caiso,electricity_price_caiso_sp15,39.37649,USD/MWh
2025-08-03T06:00:00-00:00,caiso,electricity_price_caiso_sp15,39.53905,USD/MWh
2025-08-03T07:00:00-00:00,caiso,electricity_price_caiso_sp15,39.0264,USD/MWh
2025-08-03T08:00:00-00:00,caiso,electricity_price_caiso_sp15,38.34007,USD/MWh
2025-08-03T09:00:00-00:00,caiso,electricity_price_caiso_sp15,35.74742,USD/MWh
2025-08-03T10:00:00-00:00,caiso,electricity_price_caiso_sp15,34.70207,USD/MWh
2025-08-03T11:00:00-00:00,caiso,electricity_price_caiso_sp15,34.35584,USD/MWh
2025-08-03T12:00:00-00:00,caiso,electricity_price_caiso_sp15,32.17352,USD/MWh
2025-08-03T13:00:00-00:00,caiso,electricity_price_caiso_sp15,29.07763,USD/MWh
2025-08-03T14:00:00-00:00,caiso,electricity_price_caiso_sp15,12.00911,USD/MWh
2025-08-03T15:00:00-00:00,caiso,electricity_price_caiso_sp15,0.16915,USD/MWh
2025-08-03T16:00:00-00:00,caiso,electricity_price_caiso_sp15,-2.71233,USD/MWh
2025-08-03T17:00:00-00:00,caiso,electricity_price_caiso_sp15,2.07767,USD/MWh
2025-08-03T18:00:00-00:00,caiso,electricity_price_caiso_sp15,2.88432,USD/MWh
2025-08-03T19:00:00-00:00,caiso,electricity_price_caiso_sp15,3.12632,USD/MWh
2025-08-03T20:00:00-00:00,caiso,electricity_price_caiso_sp15,2.88228,USD/MWh
2025-08-03T21:00:00-00:00,caiso,electricity_price_caiso_sp15,4.57909,USD/MWh
2025-08-03T22:00:00-00:00,caiso,electricity_price_caiso_sp15,6.06555,USD/MWh
2025-08-03T23:00:00-00:00,caiso,electricity_price_caiso_sp15,9.46602,USD/MWh
2025-08-04T00:00:00-00:00,caiso,electricity_price_caiso_sp15,20.75041,USD/MWh
2025-08-04T01:00:00-00:00,caiso,electricity_price_caiso_sp15,38.494,USD/MWh
2025-08-04T02:00:00-00:00,caiso,electricity_price_caiso_sp15,44.27594,USD/MWh
2025-08-04T03:00:00-00:00,caiso,electricity_price_caiso_sp15,43.51197,USD/MWh
2025-08-04T04:00:00-00:00,caiso,electricity_price_caiso_sp15,41.32037,USD/MWh
2025-08-04T05:00:00-00:00,caiso,electricity_price_caiso_sp15,38.30443,USD/MWh
2025-08-04T06:00:00-00:00,caiso,electricity_price_caiso_sp15,38.17527,USD/MWh
2025-08-04T07:00:00-00:00,caiso,electricity_price_caiso_sp15,35.97909,USD/MWh
2025-08-04T08:00:00-00:00,caiso,electricity_price_caiso_sp15,36.01135,USD/MWh
2025-08-04T09:00:00-00:00,caiso,electricity_price_caiso_sp15,34.36004,USD/MWh
2025-08-04T10:00:00-00:00,caiso,electricity_price_caiso_sp15,34.20515,USD/MWh
2025-08-04T11:00:00-00:00,caiso,electricity_price_caiso_sp15,35.95566,USD/MWh
2025-08-04T12:00:00-00:00,caiso,electricity_price_caiso_sp15,37.82404,USD/MWh
2025-08-04T13:00:00-00:00,caiso,electricity_price_caiso_sp15,37.71571,USD/MWh
2025-08-04T14:00:00-00:00,caiso,electricity_price_caiso_sp15,25.08072,USD/MWh
2025-08-04T15:00:00-00:00,caiso,electricity_price_caiso_sp15,17.17589,USD/MWh
2025-08-04T16:00:00-00:00,caiso,electricity_price_caiso_sp15,17.96453,USD/MWh
2025-08-04T17:00:00-00:00,caiso,electricity_price_caiso_sp15,18.915,USD/MWh
2025-08-04T18:00:00-00:00,caiso,electricity_price_caiso_sp15,19.48325,USD/MWh
2025-08-04T19:00:00-00:00,caiso,electricity_price_caiso_sp15,18.67274,USD/MWh
2025-08-04T20:00:00-00:00,caiso,electricity_price_caiso_sp15,19.39401,USD/MWh
2025-08-04T21:00:00-00:00,caiso,electricity_price_caiso_sp15,19.29623,USD/MWh
2025-08-04T22:00:00-00:00,caiso,electricity_price_caiso_sp15,22.96208,USD/MWh
2025-08-04T23:00:00-00:00,caiso,electricity_price_caiso_sp15,26.61122,USD/MWh
2025-08-05T00:00:00-00:00,caiso,electricity_price_caiso_sp15,33.54743,USD/MWh
2025-08-05T01:00:00-00:00,caiso,electricity_price_caiso_sp15,42.76282,USD/MWh
2025-08-05T02:00:00-00:00,caiso,electricity_price_caiso_sp15,48.39225,USD/MWh
2025-08-05T03:00:00-00:00,caiso,electricity_price_caiso_sp15,47.0405,USD/MWh
2025-08-05T04:00:00-00:00,caiso,electricity_price_caiso_sp15,43.25838,USD/MWh
2025-08-05T05:00:00-00:00,caiso,electricity_price_caiso_sp15,41.75824,USD/MWh
2025-08-05T06:00:00-00:00,caiso,electricity_price_caiso_sp15,41.71519,USD/MWh
2025-08-05T07:00:00-00:00,caiso,electricity_price_caiso_sp15,44.25724,USD/MWh
2025-08-05T08:00:00-00:00,caiso,electricity_price_caiso_sp15,41.28,USD/MWh
2025-08-05T09:00:00-00:00,caiso,electricity_price_caiso_sp15,40.27588,USD/MWh
2025-08-05T10:00:00-00:00,caiso,electricity_price_caiso_sp15,39.1261,USD/MWh
2025-08-05T11:00:00-00:00,caiso,electricity_price_caiso_sp15,39.96045,USD/MWh
2025-08-05T12:00:00-00:00,caiso,electricity_price_caiso_sp15,40.86134,USD/MWh
2025-08-05T13:00:00-00:00,caiso,electricity_price_caiso_sp15,41.45768,USD/MWh
2025-08-05T14:00:00-00:00,caiso,electricity_price_caiso_sp15,28.28263,USD/MWh
2025-08-05T15:00:00-00:00,caiso,electricity_price_caiso_sp15,22.57602,USD/MWh
2025-08-05T16:00:00-00:00,caiso,electricity_price_caiso_sp15,21.42189,USD/MWh
2025-08-05T17:00:00-00:00,caiso,electricity_price_caiso_sp15,23.3097,USD/MWh
2025-08-05T18:00:00-00:00,caiso,electricity_price_caiso_sp15,23.61447,USD/MWh
2025-08-05T19:00:00-00:00,caiso,electricity_price_caiso_sp15,23.5911,USD/MWh
2025-08-05T20:00:00-00:00,caiso,electricity_price_caiso_sp15,24.12443,USD/MWh
2025-08-05T21:00:00-00:00,caiso,electricity_price_caiso_sp15,25.02803,USD/MWh
2025-08-05T22:00:00-00:00,caiso,electricity_price_caiso_sp15,29.82614,USD/MWh
2025-08-05T23:00:00-00:00,caiso,electricity_price_caiso_sp15,35.88742,USD/MWh
2025-08-06T00:00:00-00:00,caiso,electricity_price_caiso_sp15,40.78892,USD/MWh
2025-08-06T01:00:00-00:00,caiso,electricity_price_caiso_sp15,52.89242,USD/MWh
2025-08-06T02:00:00-00:00,caiso,electricity_price_caiso_sp15,60.99427,USD/MWh
2025-08-06T03:00:00-00:00,caiso,electricity_price_caiso_sp15,55.88687,USD/MWh
2025-08-06T04:00:00-00:00,caiso,electricity_price_caiso_sp15,52.60143,USD/MWh
2025-08-06T05:00:00-00:00,caiso,electricity_price_caiso_sp15,48.42212,USD/MWh
2025-08-06T06:00:00-00:00,caiso,electricity_price_caiso_sp15,48.50092,USD/MWh
2025-08-06T07:00:00-00:00,caiso,electricity_price_caiso_sp15,43.31461,USD/MWh
2025-08-06T08:00:00-00:00,caiso,electricity_price_caiso_sp15,42.31012,USD/MWh
2025-08-06T09:00:00-00:00,caiso,electricity_price_caiso_sp15,38.82221,USD/MWh
2025-08-06T10:00:00-00:00,caiso,electricity_price_caiso_sp15,38.11185,USD/MWh
2025-08-06T11:00:00-00:00,caiso,electricity_price_caiso_sp15,40.63279,USD/MWh
2025-08-06T12:00:00-00:00,caiso,electricity_price_caiso_sp15,41.26706,USD/MWh
2025-08-06T13:00:00-00:00,caiso,electricity_price_caiso_sp15,42.4462,USD/MWh
2025-08-06T14:00:00-00:00,caiso,electricity_price_caiso_sp15,31.26005,USD/MWh
2025-08-06T15:00:00-00:00,caiso,electricity_price_caiso_sp15,28.36623,USD/MWh
2025-08-06T16:00:00-00:00,caiso,electricity_price_caiso_sp15,28.11576,USD/MWh
2025-08-06T17:00:00-00:00,caiso,electricity_price_caiso_sp15,28.05462,USD/MWh
2025-08-06T18:00:00-00:00,caiso,electricity_price_caiso_sp15,29.33123,USD/MWh
2025-08-06T19:00:00-00:00,caiso,electricity_price_caiso_sp15,29.83437,USD/MWh
2025-08-06T20:00:00-00:00,caiso,electricity_price_caiso_sp15,29.77989,USD/MWh
2025-08-06T21:00:00-00:00,caiso,electricity_price_caiso_sp15,33.35911,USD/MWh
2025-08-06T22:00:00-00:00,caiso,electricity_price_caiso_sp15,39.52833,USD/MWh
2025-08-06T23:00:00-00:00,caiso,electricity_price_caiso_sp15,41.4115,USD/MWh
2025-08-07T00:00:00-00:00,caiso,electricity_price_caiso_sp15,50.2115,USD/MWh
2025-08-07T01:00:00-00:00,caiso,electricity_price_caiso_sp15,57.53156,USD/MWh
2025-08-07T02:00:00-00:00,caiso,electricity_price_caiso_sp15,66.09444,USD/MWh
2025-08-07T03:00:00-00:00,caiso,electricity_price_caiso_sp15,61.48597,USD/MWh
2025-08-07T04:00:00-00:00,caiso,electricity_price_caiso_sp15,57.33828,USD/MWh
2025-08-07T05:00:00-00:00,caiso,electricity_price_caiso_sp15,47.09455,USD/MWh
2025-08-07T06:00:00-00:00,caiso,electricity_price_caiso_sp15,44.60566,USD/MWh
2025-08-07T07:00:00-00:00,caiso,electricity_price_caiso_sp15,42.42266,USD/MWh
2025-08-07T08:00:00-00:00,caiso,electricity_price_caiso_sp15,40.41498,USD/MWh
2025-08-07T09:00:00-00:00,caiso,electricity_price_caiso_sp15,38.89263,USD/MWh
2025-08-07T10:00:00-00:00,caiso,electricity_price_caiso_sp15,38.3946,USD/MWh
2025-08-07T11:00:00-00:00,caiso,electricity_price_caiso_sp15,38.01876,USD/MWh
2025-08-07T12:00:00-00:00,caiso,electricity_price_caiso_sp15,38.81185,USD/MWh
2025-08-07T13:00:00-00:00,caiso,electricity_price_caiso_sp15,42.226,USD/MWh
2025-08-07T14:00:00-00:00,caiso,electricity_price_caiso_sp15,32.77222,USD/MWh
2025-08-07T15:00:00-00:00,caiso,electricity_price_caiso_sp15,30.47835,USD/MWh
2025-08-07T16:00:00-00:00,caiso,electricity_price_caiso_sp15,30.77796,USD/MWh
2025-08-07T17:00:00-00:00,caiso,electricity_price_caiso_sp15,28.94343,USD/MWh
2025-08-07T18:00:00-00:00,caiso,electricity_price_caiso_sp15,30.59534,USD/MWh
2025-08-07T19:00:00-00:00,caiso,electricity_price_caiso_sp15,30.46189,USD/MWh
2025-08-07T20:00:00-00:00,caiso,electricity_price_caiso_sp15,31.43667,USD/MWh
2025-08-07T21:00:00-00:00,caiso,electricity_price_caiso_sp15,36.26198,USD/MWh
2025-08-07T22:00:00-00:00,caiso,electricity_price_caiso_sp15,40.2958,USD/MWh
2025-08-07T23:00:00-00:00,caiso,electricity_price_caiso_sp15,46.70449,USD/MWh
2025-08-08T00:00:00-00:00,caiso,electricity_price_caiso_sp15,59.4844,USD/MWh
2025-08-08T01:00:00-00:00,caiso,electricity_price_caiso_sp15,70.41618,USD/MWh
2025-08-08T02:00:00-00:00,caiso,electricity_price_caiso_sp15,78.72,USD/MWh
2025-08-08T03:00:00-00:00,caiso,electricity_price_caiso_sp15,68.52308,USD/MWh
2025-08-08T04:00:00-00:00,caiso,electricity_price_caiso_sp15,62.26232,USD/MWh
2025-08-08T05:00:00-00:00,caiso,electricity_price_caiso_sp15,53.54076,USD/MWh
2025-08-08T06:00:00-00:00,caiso,electricity_price_caiso_sp15,44.67369,USD/MWh
2025-08-08T07:00:00-00:00,caiso,electricity_price_caiso_sp15,42.16793,USD/MWh
2025-08-08T08:00:00-00:00,caiso,electricity_price_caiso_sp15,41.4932,USD/MWh
2025-08-08T09:00:00-00:00,caiso,electricity_price_caiso_sp15,40.77372,USD/MWh
2025-08-08T10:00:00-00:00,caiso,electricity_price_caiso_sp15,39.61314,USD/MWh
2025-08-08T11:00:00-00:00,caiso,electricity_price_caiso_sp15,40.17658,USD/MWh
2025-08-08T12:00:00-00:00,caiso,electricity_price_caiso_sp15,41.5747,USD/MWh
2025-08-08T13:00:00-00:00,caiso,electricity_price_caiso_sp15,42.79715,USD/MWh
2025-08-08T14:00:00-00:00,caiso,electricity_price_caiso_sp15,33.30715,USD/MWh
2025-08-08T15:00:00-00:00,caiso,electricity_price_caiso_sp15,31.15428,USD/MWh
2025-08-08T16:00:00-00:00,caiso,electricity_price_caiso_sp15,31.21728,USD/MWh
2025-08-08T17:00:00-00:00,caiso,electricity_price_caiso_sp15,30.7047,USD/MWh
2025-08-08T18:00:00-00:00,caiso,electricity_price_caiso_sp15,31.07686,USD/MWh
2025-08-08T19:00:00-00:00,caiso,electricity_price_caiso_sp15,31.1464,USD/MWh
2025-08-08T20:00:00-00:00,caiso,electricity_price_caiso_sp15,30.58135,USD/MWh
2025-08-08T21:00:00-00:00,caiso,electricity_price_caiso_sp15,31.78415,USD/MWh
2025-08-08T22:00:00-00:00,caiso,electricity_price_caiso_sp15,34.26588,USD/MWh
2025-08-08T23:00:00-00:00,caiso,electricity_price_caiso_sp15,37.38658,USD/MWh
2025-08-09T00:00:00-00:00,caiso,electricity_price_caiso_sp15,45.07469,USD/MWh
2025-08-09T01:00:00-00:00,caiso,electricity_price_caiso_sp15,54.19761,USD/MWh
2025-08-09T02:00:00-00:00,caiso,electricity_price_caiso_sp15,65.5719,USD/MWh
2025-08-09T03:00:00-00:00,caiso,electricity_price_caiso_sp15,58.36506,USD/MWh
2025-08-09T04:00:00-00:00,caiso,electricity_price_caiso_sp15,53.9255,USD/MWh
2025-08-09T05:00:00-00:00,caiso,electricity_price_caiso_sp15,47.89234,USD/MWh
2025-08-09T06:00:00-00:00,caiso,electricity_price_caiso_sp15,43.81535,USD/MWh
2025-08-09T07:00:00-00:00,caiso,electricity_price_caiso_sp15,43.17418,USD/MWh
2025-08-09T08:00:00-00:00,caiso,electricity_price_caiso_sp15,42.18885,USD/MWh
2025-08-09T09:00:00-00:00,caiso,electricity_price_caiso_sp15,42.17177,USD/MWh
2025-08-09T10:00:00-00:00,caiso,electricity_price_caiso_sp15,41.58267,USD/MWh
2025-08-09T11:00:00-00:00,caiso,electricity_price_caiso_sp15,41.40559,USD/MWh
2025-08-09T12:00:00-00:00,caiso,electricity_price_caiso_sp15,41.47596,USD/MWh
2025-08-09T13:00:00-00:00,caiso,electricity_price_caiso_sp15,40.37481,USD/MWh
2025-08-09T14:00:00-00:00,caiso,electricity_price_caiso_sp15,26.75171,USD/MWh
2025-08-09T15:00:00-00:00,caiso,electricity_price_caiso_sp15,26.05904,USD/MWh
2025-08-09T16:00:00-00:00,caiso,electricity_price_caiso_sp15,24.11644,USD/MWh
2025-08-09T17:00:00-00:00,caiso,electricity_price_caiso_sp15,24.07718,USD/MWh
2025-08-09T18:00:00-00:00,caiso,electricity_price_caiso_sp15,24.73341,USD/MWh
2025-08-09T19:00:00-00:00,caiso,electricity_price_caiso_sp15,25.20534,USD/MWh
2025-08-09T20:00:00-00:00,caiso,electricity_price_caiso_sp15,23.58981,USD/MWh
2025-08-09T21:00:00-00:00,caiso,electricity_price_caiso_sp15,23.0862,USD/MWh
2025-08-09T22:00:00-00:00,caiso,electricity_price_caiso_sp15,27.56586,USD/MWh
2025-08-09T23:00:00-00:00,caiso,electricity_price_caiso_sp15,27.08,USD/MWh
2025-08-10T00:00:00-00:00,caiso,electricity_price_caiso_sp15,40.83,USD/MWh
2025-08-10T01:00:00-00:00,caiso,electricity_price_caiso_sp15,46.14727,USD/MWh
2025-08-10T02:00:00-00:00,caiso,electricity_price_caiso_sp15,53.32415,USD/MWh
2025-08-10T03:00:00-00:00,caiso,electricity_price_caiso_sp15,50.7,USD/MWh
2025-08-10T04:00:00-00:00,caiso,electricity_price_caiso_sp15,45.17706,USD/MWh
2025-08-10T05:00:00-00:00,caiso,electricity_price_caiso_sp15,43.35273,USD/MWh
2025-08-10T06:00:00-00:00,caiso,electricity_price_caiso_sp15,42.89196,USD/MWh
2025-08-10T07:00:00-00:00,caiso,electricity_price_caiso_sp15,40.79018,USD/MWh
2025-08-10T08:00:00-00:00,caiso,electricity_price_caiso_sp15,41.05752,USD/MWh
2025-08-10T09:00:00-00:00,caiso,electricity_price_caiso_sp15,24.94,USD/MWh
2025-08-10T10:00:00-00:00,caiso,electricity_price_caiso_sp15,38.05319,USD/MWh
2025-08-10T11:00:00-00:00,caiso,electricity_price_caiso_sp15,37.23166,USD/MWh
2025-08-10T12:00:00-00:00,caiso,electricity_price_caiso_sp15,37.5199,USD/MWh
2025-08-10T13:00:00-00:00,caiso,electricity_price_caiso_sp15,35.77888,USD/MWh
2025-08-10T14:00:00-00:00,caiso,electricity_price_caiso_sp15,24.03352,USD/MWh
2025-08-10T15:00:00-00:00,caiso,electricity_price_caiso_sp15,20.55122,USD/MWh
2025-08-10T16:00:00-00:00,caiso,electricity_price_caiso_sp15,20.48849,USD/MWh
2025-08-10T17:00:00-00:00,caiso,electricity_price_caiso_sp15,22.78926,USD/MWh
2025-08-10T18:00:00-00:00,caiso,electricity_price_caiso_sp15,22.21831,USD/MWh
2025-08-10T19:00:00-00:00,caiso,electricity_price_caiso_sp15,21.19592,USD/MWh
2025-08-10T20:00:00-00:00,caiso,electricity_price_caiso_sp15,21.43497,USD/MWh
2025-08-10T21:00:00-00:00,caiso,electricity_price_caiso_sp15,19.74178,USD/MWh
2025-08-10T22:00:00-00:00,caiso,electricity_price_caiso_sp15,22.43252,USD/MWh
2025-08-10T23:00:00-00:00,caiso,electricity_price_caiso_sp15,28.09639,USD/MWh
2025-08-11T00:00:00-00:00,caiso,electricity_price_caiso_sp15,40.14956,USD/MWh
2025-08-11T01:00:00-00:00,caiso,electricity_price_caiso_sp15,48.41565,USD/MWh
2025-08-11T02:00:00-00:00,caiso,electricity_price_caiso_sp15,56.72044,USD/MWh
2025-08-11T03:00:00-00:00,caiso,electricity_price_caiso_sp15,53.18934,USD/MWh
2025-08-11T04:00:00-00:00,caiso,electricity_price_caiso_sp15,47.65126,USD/MWh
2025-08-11T05:00:00-00:00,caiso,electricity_price_caiso_sp15,44.19981,USD/MWh
2025-08-11T06:00:00-00:00,caiso,electricity_price_caiso_sp15,27.76114,USD/MWh
2025-08-11T07:00:00-00:00,caiso,electricity_price_caiso_sp15,39.58209,USD/MWh
2025-08-11T08:00:00-00:00,caiso,electricity_price_caiso_sp15,40.00288,USD/MWh
2025-08-11T09:00:00-00:00,caiso,electricity_price_caiso_sp15,38.47528,USD/MWh
2025-08-11T10:00:00-00:00,caiso,electricity_price_caiso_sp15,36.70514,USD/MWh
2025-08-11T11:00:00-00:00,caiso,electricity_price_caiso_sp15,39.13414,USD/MWh
2025-08-11T12:00:00-00:00,caiso,electricity_price_caiso_sp15,41.67027,USD/MWh
2025-08-11T13:00:00-00:00,caiso,electricity_price_caiso_sp15,42.31829,USD/MWh
2025-08-11T14:00:00-00:00,caiso,electricity_price_caiso_sp15,32.92968,USD/MWh
2025-08-11T15:00:00-00:00,caiso,electricity_price_caiso_sp15,28.05499,USD/MWh
2025-08-11T16:00:00-00:00,caiso,electricity_price_caiso_sp15,24.8079,USD/MWh
2025-08-11T17:00:00-00:00,caiso,electricity_price_caiso_sp15,25.95925,USD/MWh
2025-08-11T18:00:00-00:00,caiso,electricity_price_caiso_sp15,25.83623,USD/MWh
2025-08-11T19:00:00-00:00,caiso,electricity_price_caiso_sp15,26.47678,USD/MWh
2025-08-11T20:00:00-00:00,caiso,electricity_price_caiso_sp15,26.02823,USD/MWh
2025-08-11T21:00:00-00:00,caiso,electricity_price_caiso_sp15,27.54,USD/MWh
2025-08-11T22:00:00-00:00,caiso,electricity_price_caiso_sp15,30.4595,USD/MWh
2025-08-11T23:00:00-00:00,caiso,electricity_price_caiso_sp15,34.51273,USD/MWh
2025-08-12T00:00:00-00:00,caiso,electricity_price_caiso_sp15,39.74,USD/MWh
2025-08-12T01:00:00-00:00,caiso,electricity_price_caiso_sp15,50.72944,USD/MWh
2025-08-12T02:00:00-00:00,caiso,electricity_price_caiso_sp15,63.78779,USD/MWh
2025-08-12T03:00:00-00:00,caiso,electricity_price_caiso_sp15,58.51944,USD/MWh
2025-08-12T04:00:00-00:00,caiso,electricity_price_caiso_sp15,54.10178,USD/MWh
2025-08-12T05:00:00-00:00,caiso,electricity_price_caiso_sp15,46.53864,USD/MWh
2025-08-12T06:00:00-00:00,caiso,electricity_price_caiso_sp15,45.66618,USD/MWh
2025-08-12T07:00:00-00:00,caiso,electricity_price_caiso_sp15,41.26573,USD/MWh
2025-08-12T08:00:00-00:00,caiso,electricity_price_caiso_sp15,41.21972,USD/MWh
2025-08-12T09:00:00-00:00,caiso,electricity_price_caiso_sp15,38.51228,USD/MWh
2025-08-12T10:00:00-00:00,caiso,electricity_price_caiso_sp15,38.05828,USD/MWh
2025-08-12T11:00:00-00:00,caiso,electricity_price_caiso_sp15,38.75813,USD/MWh
2025-08-12T12:00:00-00:00,caiso,electricity_price_caiso_sp15,41.93683,USD/MWh
2025-08-12T13:00:00-00:00,caiso,electricity_price_caiso_sp15,45.35122,USD/MWh
2025-08-12T14:00:00-00:00,caiso,electricity_price_caiso_sp15,34.06448,USD/MWh
2025-08-12T15:00:00-00:00,caiso,electricity_price_caiso_sp15,31.09748,USD/MWh
2025-08-12T16:00:00-00:00,caiso,electricity_price_caiso_sp15,30.75182,USD/MWh
2025-08-12T17:00:00-00:00,caiso,electricity_price_caiso_sp15,30.71027,USD/MWh
2025-08-12T18:00:00-00:00,caiso,electricity_price_caiso_sp15,30.90785,USD/MWh
2025-08-12T19:00:00-00:00,caiso,electricity_price_caiso_sp15,31.31968,USD/MWh
2025-08-12T20:00:00-00:00,caiso,electricity_price_caiso_sp15,31.37347,USD/MWh
2025-08-12T21:00:00-00:00,caiso,electricity_price_caiso_sp15,31.78293,USD/MWh
2025-08-12T22:00:00-00:00,caiso,electricity_price_caiso_sp15,37.46756,USD/MWh
2025-08-12T23:00:00-00:00,caiso,electricity_price_caiso_sp15,40.03,USD/MWh
2025-08-13T00:00:00-00:00,caiso,electricity_price_caiso_sp15,44.78847,USD/MWh
2025-08-13T01:00:00-00:00,caiso,electricity_price_caiso_sp15,52.42169,USD/MWh
2025-08-13T02:00:00-00:00,caiso,electricity_price_caiso_sp15,58.43955,USD/MWh
2025-08-13T03:00:00-00:00,caiso,electricity_price_caiso_sp15,52.2096,USD/MWh
2025-08-13T04:00:00-00:00,caiso,electricity_price_caiso_sp15,49.34205,USD/MWh
2025-08-13T05:00:00-00:00,caiso,electricity_price_caiso_sp15,42.67158,USD/MWh
2025-08-13T06:00:00-00:00,caiso,electricity_price_caiso_sp15,42.88364,USD/MWh
2025-08-13T07:00:00-00:00,caiso,electricity_price_caiso_sp15,39.25845,USD/MWh
2025-08-13T08:00:00-00:00,caiso,electricity_price_caiso_sp15,37.54593,USD/MWh
2025-08-13T09:00:00-00:00,caiso,electricity_price_caiso_sp15,36.90931,USD/MWh
2025-08-13T10:00:00-00:00,caiso,electricity_price_caiso_sp15,36.46466,USD/MWh
2025-08-13T11:00:00-00:00,caiso,electricity_price_caiso_sp15,37.75822,USD/MWh
2025-08-13T12:00:00-00:00,caiso,electricity_price_caiso_sp15,40.74338,USD/MWh
2025-08-13T13:00:00-00:00,caiso,electricity_price_caiso_sp15,42.73059,USD/MWh
2025-08-13T14:00:00-00:00,caiso,electricity_price_caiso_sp15,32.63219,USD/MWh
2025-08-13T15:00:00-00:00,caiso,electricity_price_caiso_sp15,29.56479,USD/MWh
2025-08-13T16:00:00-00:00,caiso,electricity_price_caiso_sp15,27.1,USD/MWh
2025-08-13T17:00:00-00:00,caiso,electricity_price_caiso_sp15,27.19855,USD/MWh
2025-08-13T18:00:00-00:00,caiso,electricity_price_caiso_sp15,27.18976,USD/MWh
2025-08-13T19:00:00-00:00,caiso,electricity_price_caiso_sp15,27.36,USD/MWh
2025-08-13T20:00:00-00:00,caiso,electricity_price_caiso_sp15,28.3672,USD/MWh
2025-08-13T21:00:00-00:00,caiso,electricity_price_caiso_sp15,30.62,USD/MWh
2025-08-13T22:00:00-00:00,caiso,electricity_price_caiso_sp15,32.66706,USD/MWh
2025-08-13T23:00:00-00:00,caiso,electricity_price_caiso_sp15,31.06065,USD/MWh
2025-08-14T00:00:00-00:00,caiso,electricity_price_caiso_sp15,35.66227,USD/MWh
2025-08-14T01:00:00-00:00,caiso,electricity_price_caiso_sp15,43.65266,USD/MWh
2025-08-14T02:00:00-00:00,caiso,electricity_price_caiso_sp15,49.69021,USD/MWh
2025-08-14T03:00:00-00:00,caiso,electricity_price_caiso_sp15,47.32481,USD/MWh
2025-08-14T04:00:00-00:00,caiso,electricity_price_caiso_sp15,45.29287,USD/MWh
2025-08-14T05:00:00-00:00,caiso,electricity_price_caiso_sp15,42.75949,USD/MWh
2025-08-14T06:00:00-00:00,caiso,electricity_price_caiso_sp15,41.36157,USD/MWh
2025-08-14T07:00:00-00:00,caiso,electricity_price_caiso_sp15,42.22911,USD/MWh
2025-08-14T08:00:00-00:00,caiso,electricity_price_caiso_sp15,39.927,USD/MWh
2025-08-14T09:00:00-00:00,caiso,electricity_price_caiso_sp15,40.03141,USD/MWh
2025-08-14T10:00:00-00:00,caiso,electricity_price_caiso_sp15,39.54365,USD/MWh
2025-08-14T11:00:00-00:00,caiso,electricity_price_caiso_sp15,41.83227,USD/MWh
2025-08-14T12:00:00-00:00,caiso,electricity_price_caiso_sp15,42.93652,USD/MWh
2025-08-14T13:00:00-00:00,caiso,electricity_price_caiso_sp15,43.23545,USD/MWh
2025-08-14T14:00:00-00:00,caiso,electricity_price_caiso_sp15,30.76836,USD/MWh
2025-08-14T15:00:00-00:00,caiso,electricity_price_caiso_sp15,22.51306,USD/MWh
2025-08-14T16:00:00-00:00,caiso,electricity_price_caiso_sp15,20.91875,USD/MWh
2025-08-14T17:00:00-00:00,caiso,electricity_price_caiso_sp15,22.88725,USD/MWh
2025-08-14T18:00:00-00:00,caiso,electricity_price_caiso_sp15,24.16568,USD/MWh
2025-08-14T19:00:00-00:00,caiso,electricity_price_caiso_sp15,23.9465,USD/MWh
2025-08-14T20:00:00-00:00,caiso,electricity_price_caiso_sp15,24.15324,USD/MWh
2025-08-14T21:00:00-00:00,caiso,electricity_price_caiso_sp15,25.04047,USD/MWh
2025-08-14T22:00:00-00:00,caiso,electricity_price_caiso_sp15,28.05456,USD/MWh
2025-08-14T23:00:00-00:00,caiso,electricity_price_caiso_sp15,29.43586,USD/MWh
2025-08-15T00:00:00-00:00,caiso,electricity_price_caiso_sp15,33.65,USD/MWh
2025-08-15T01:00:00-00:00,caiso,electricity_price_caiso_sp15,44.39077,USD/MWh
2025-08-15T02:00:00-00:00,caiso,electricity_price_caiso_sp15,47.20012,USD/MWh
2025-08-15T03:00:00-00:00,caiso,electricity_price_caiso_sp15,46.31167,USD/MWh
2025-08-15T04:00:00-00:00,caiso,electricity_price_caiso_sp15,45.13133,USD/MWh
2025-08-15T05:00:00-00:00,caiso,electricity_price_caiso_sp15,43.2904,USD/MWh
2025-08-15T06:00:00-00:00,caiso,electricity_price_caiso_sp15,42.79793,USD/MWh
2025-08-15T07:00:00-00:00,caiso,electricity_price_caiso_sp15,40.37671,USD/MWh
2025-08-15T08:00:00-00:00,caiso,electricity_price_caiso_sp15,37.22045,USD/MWh
2025-08-15T09:00:00-00:00,caiso,electricity_price_caiso_sp15,35.8951,USD/MWh
2025-08-15T10:00:00-00:00,caiso,electricity_price_caiso_sp15,35.79379,USD/MWh
2025-08-15T11:00:00-00:00,caiso,electricity_price_caiso_sp15,37.48222,USD/MWh
2025-08-15T12:00:00-00:00,caiso,electricity_price_caiso_sp15,41.26922,USD/MWh
2025-08-15T13:00:00-00:00,caiso,electricity_price_caiso_sp15,42.08973,USD/MWh
2025-08-15T14:00:00-00:00,caiso,electricity_price_caiso_sp15,31.45342,USD/MWh
2025-08-15T15:00:00-00:00,caiso,electricity_price_caiso_sp15,22.88,USD/MWh
2025-08-15T16:00:00-00:00,caiso,electricity_price_caiso_sp15,20.71189,USD/MWh
2025-08-15T17:00:00-00:00,caiso,electricity_price_caiso_sp15,22.53331,USD/MWh
2025-08-15T18:00:00-00:00,caiso,electricity_price_caiso_sp15,22.87,USD/MWh
2025-08-15T19:00:00-00:00,caiso,electricity_price_caiso_sp15,22.94965,USD/MWh
2025-08-15T20:00:00-00:00,caiso,electricity_price_caiso_sp15,22.82897,USD/MWh
2025-08-15T21:00:00-00:00,caiso,electricity_price_caiso_sp15,23.04923,USD/MWh
2025-08-15T22:00:00-00:00,caiso,electricity_price_caiso_sp15,24.05434,USD/MWh
2025-08-15T23:00:00-00:00,caiso,electricity_price_caiso_sp15,25.41109,USD/MWh
2025-08-16T00:00:00-00:00,caiso,electricity_price_caiso_sp15,34.6802,USD/MWh
2025-08-16T01:00:00-00:00,caiso,electricity_price_caiso_sp15,41.12221,USD/MWh
2025-08-16T02:00:00-00:00,caiso,electricity_price_caiso_sp15,43.24413,USD/MWh
2025-08-16T03:00:00-00:00,caiso,electricity_price_caiso_sp15,42.74283,USD/MWh
2025-08-16T04:00:00-00:00,caiso,electricity_price_caiso_sp15,41.41748,USD/MWh
2025-08-16T05:00:00-00:00,caiso,electricity_price_caiso_sp15,40.34178,USD/MWh
2025-08-16T06:00:00-00:00,caiso,electricity_price_caiso_sp15,40.12177,USD/MWh
2025-08-16T07:00:00-00:00,caiso,electricity_price_caiso_sp15,39.89138,USD/MWh
2025-08-16T08:00:00-00:00,caiso,electricity_price_caiso_sp15,39.66637,USD/MWh
2025-08-16T09:00:00-00:00,caiso,electricity_price_caiso_sp15,38.48334,USD/MWh
2025-08-16T10:00:00-00:00,caiso,electricity_price_caiso_sp15,38.30859,USD/MWh
2025-08-16T11:00:00-00:00,caiso,electricity_price_caiso_sp15,38.5698,USD/MWh
2025-08-16T12:00:00-00:00,caiso,electricity_price_caiso_sp15,39.77909,USD/MWh
2025-08-16T13:00:00-00:00,caiso,electricity_price_caiso_sp15,38.38791,USD/MWh
2025-08-16T14:00:00-00:00,caiso,electricity_price_caiso_sp15,24.70025,USD/MWh
2025-08-16T15:00:00-00:00,caiso,electricity_price_caiso_sp15,12.07274,USD/MWh
2025-08-16T16:00:00-00:00,caiso,electricity_price_caiso_sp15,11.09836,USD/MWh
2025-08-16T17:00:00-00:00,caiso,electricity_price_caiso_sp15,12.36883,USD/MWh
2025-08-16T18:00:00-00:00,caiso,electricity_price_caiso_sp15,13.42609,USD/MWh
2025-08-16T19:00:00-00:00,caiso,electricity_price_caiso_sp15,13.37699,USD/MWh
2025-08-16T20:00:00-00:00,caiso,electricity_price_caiso_sp15,12.52059,USD/MWh
2025-08-16T21:00:00-00:00,caiso,electricity_price_caiso_sp15,11.88434,USD/MWh
2025-08-16T22:00:00-00:00,caiso,electricity_price_caiso_sp15,12.71481,USD/MWh
2025-08-16T23:00:00-00:00,caiso,electricity_price_caiso_sp15,13.0,USD/MWh
2025-08-17T00:00:00-00:00,caiso,electricity_price_caiso_sp15,24.57465,USD/MWh
2025-08-17T01:00:00-00:00,caiso,electricity_price_caiso_sp15,37.97657,USD/MWh
2025-08-17T02:00:00-00:00,caiso,electricity_price_caiso_sp15,39.02022,USD/MWh
2025-08-17T03:00:00-00:00,caiso,electricity_price_caiso_sp15,38.95677,USD/MWh
2025-08-17T04:00:00-00:00,caiso,electricity_price_caiso_sp15,38.35347,USD/MWh
2025-08-17T05:00:00-00:00,caiso,electricity_price_caiso_sp15,37.59827,USD/MWh
2025-08-17T06:00:00-00:00,caiso,electricity_price_caiso_sp15,37.18295,USD/MWh
2025-08-17T07:00:00-00:00,caiso,electricity_price_caiso_sp15,40.26128,USD/MWh
2025-08-17T08:00:00-00:00,caiso,electricity_price_caiso_sp15,42.20024,USD/MWh
2025-08-17T09:00:00-00:00,caiso,electricity_price_caiso_sp15,40.08663,USD/MWh
2025-08-17T10:00:00-00:00,caiso,electricity_price_caiso_sp15,39.1029,USD/MWh
2025-08-17T11:00:00-00:00,caiso,electricity_price_caiso_sp15,39.95947,USD/MWh
2025-08-17T12:00:00-00:00,caiso,electricity_price_caiso_sp15,39.34796,USD/MWh
2025-08-17T13:00:00-00:00,caiso,electricity_price_caiso_sp15,36.9744,USD/MWh
2025-08-17T14:00:00-00:00,caiso,electricity_price_caiso_sp15,19.57263,USD/MWh
2025-08-17T15:00:00-00:00,caiso,electricity_price_caiso_sp15,5.90876,USD/MWh
2025-08-17T16:00:00-00:00,caiso,electricity_price_caiso_sp15,4.04903,USD/MWh
2025-08-17T17:00:00-00:00,caiso,electricity_price_caiso_sp15,6.49454,USD/MWh
2025-08-17T18:00:00-00:00,caiso,electricity_price_caiso_sp15,6.3406,USD/MWh
2025-08-17T19:00:00-00:00,caiso,electricity_price_caiso_sp15,7.21164,USD/MWh
2025-08-17T20:00:00-00:00,caiso,electricity_price_caiso_sp15,6.70143,USD/MWh
2025-08-17T21:00:00-00:00,caiso,electricity_price_caiso_sp15,6.63777,USD/MWh
2025-08-17T22:00:00-00:00,caiso,electricity_price_caiso_sp15,8.63538,USD/MWh
2025-08-17T23:00:00-00:00,caiso,electricity_price_caiso_sp15,12.59014,USD/MWh
2025-08-18T00:00:00-00:00,caiso,electricity_price_caiso_sp15,28.91134,USD/MWh
2025-08-18T01:00:00-00:00,caiso,electricity_price_caiso_sp15,42.68277,USD/MWh
2025-08-18T02:00:00-00:00,caiso,electricity_price_caiso_sp15,43.3874,USD/MWh
2025-08-18T03:00:00-00:00,caiso,electricity_price_caiso_sp15,43.32596,USD/MWh
2025-08-18T04:00:00-00:00,caiso,electricity_price_caiso_sp15,42.98917,USD/MWh
2025-08-18T05:00:00-00:00,caiso,electricity_price_caiso_sp15,42.70858,USD/MWh
2025-08-18T06:00:00-00:00,caiso,electricity_price_caiso_sp15,42.33505,USD/MWh
2025-08-18T07:00:00-00:00,caiso,electricity_price_caiso_sp15,42.19776,USD/MWh
2025-08-18T08:00:00-00:00,caiso,electricity_price_caiso_sp15,41.46847,USD/MWh
2025-08-18T09:00:00-00:00,caiso,electricity_price_caiso_sp15,40.52531,USD/MWh
2025-08-18T10:00:00-00:00,caiso,electricity_price_caiso_sp15,38.84339,USD/MWh
2025-08-18T11:00:00-00:00,caiso,electricity_price_caiso_sp15,39.56348,USD/MWh
2025-08-18T12:00:00-00:00,caiso,electricity_price_caiso_sp15,40.44136,USD/MWh
2025-08-18T13:00:00-00:00,caiso,electricity_price_caiso_sp15,40.5417,USD/MWh
2025-08-18T14:00:00-00:00,caiso,electricity_price_caiso_sp15,28.39919,USD/MWh
2025-08-18T15:00:00-00:00,caiso,electricity_price_caiso_sp15,18.3783,USD/MWh
2025-08-18T16:00:00-00:00,caiso,electricity_price_caiso_sp15,17.18362,USD/MWh
2025-08-18T17:00:00-00:00,caiso,electricity_price_caiso_sp15,18.28499,USD/MWh
2025-08-18T18:00:00-00:00,caiso,electricity_price_caiso_sp15,18.21007,USD/MWh
2025-08-18T19:00:00-00:00,caiso,electricity_price_caiso_sp15,18.91845,USD/MWh
2025-08-18T20:00:00-00:00,caiso,electricity_price_caiso_sp15,19.33,USD/MWh
2025-08-18T21:00:00-00:00,caiso,electricity_price_caiso_sp15,19.5237,USD/MWh
2025-08-18T22:00:00-00:00,caiso,electricity_price_caiso_sp15,22.068,USD/MWh
2025-08-18T23:00:00-00:00,caiso,electricity_price_caiso_sp15,22.05496,USD/MWh
2025-08-19T00:00:00-00:00,caiso,electricity_price_caiso_sp15,35.14513,USD/MWh
2025-08-19T01:00:00-00:00,caiso,electricity_price_caiso_sp15,45.10869,USD/MWh
2025-08-19T02:00:00-00:00,caiso,electricity_price_caiso_sp15,50.28664,USD/MWh
2025-08-19T03:00:00-00:00,caiso,electricity_price_caiso_sp15,48.83777,USD/MWh
2025-08-19T04:00:00-00:00,caiso,electricity_price_caiso_sp15,45.16752,USD/MWh
2025-08-19T05:00:00-00:00,caiso,electricity_price_caiso_sp15,44.14728,USD/MWh
2025-08-19T06:00:00-00:00,caiso,electricity_price_caiso_sp15,43.89972,USD/MWh
2025-08-19T07:00:00-00:00,caiso,electricity_price_caiso_sp15,47.44832,USD/MWh
2025-08-19T08:00:00-00:00,caiso,electricity_price_caiso_sp15,43.78735,USD/MWh
2025-08-19T09:00:00-00:00,caiso,electricity_price_caiso_sp15,40.80501,USD/MWh
2025-08-19T10:00:00-00:00,caiso,electricity_price_caiso_sp15,40.23738,USD/MWh
2025-08-19T11:00:00-00:00,caiso,electricity_price_caiso_sp15,40.73833,USD/MWh
2025-08-19T12:00:00-00:00,caiso,electricity_price_caiso_sp15,43.92,USD/MWh
2025-08-19T13:00:00-00:00,caiso,electricity_price_caiso_sp15,47.61726,USD/MWh
2025-08-19T14:00:00-00:00,caiso,electricity_price_caiso_sp15,35.9114,USD/MWh
2025-08-19T15:00:00-00:00,caiso,electricity_price_caiso_sp15,26.43871,USD/MWh
2025-08-19T16:00:00-00:00,caiso,electricity_price_caiso_sp15,24.48126,USD/MWh
2025-08-19T17:00:00-00:00,caiso,electricity_price_caiso_sp15,25.32255,USD/MWh
2025-08-19T18:00:00-00:00,caiso,electricity_price_caiso_sp15,26.74763,USD/MWh
2025-08-19T19:00:00-00:00,caiso,electricity_price_caiso_sp15,26.7645,USD/MWh
2025-08-19T20:00:00-00:00,caiso,electricity_price_caiso_sp15,26.95452,USD/MWh
2025-08-19T21:00:00-00:00,caiso,electricity_price_caiso_sp15,28.65351,USD/MWh
2025-08-19T22:00:00-00:00,caiso,electricity_price_caiso_sp15,34.45508,USD/MWh
2025-08-19T23:00:00-00:00,caiso,electricity_price_caiso_sp15,32.04841,USD/MWh
2025-08-20T00:00:00-00:00,caiso,electricity_price_caiso_sp15,41.33795,USD/MWh
2025-08-20T01:00:00-00:00,caiso,electricity_price_caiso_sp15,52.79545,USD/MWh
2025-08-20T02:00:00-00:00,caiso,electricity_price_caiso_sp15,58.28051,USD/MWh
2025-08-20T03:00:00-00:00,caiso,electricity_price_caiso_sp15,54.00099,USD/MWh
2025-08-20T04:00:00-00:00,caiso,electricity_price_caiso_sp15,52.8431,USD/MWh
2025-08-20T05:00:00-00:00,caiso,electricity_price_caiso_sp15,49.96822,USD/MWh
2025-08-20T06:00:00-00:00,caiso,electricity_price_caiso_sp15,44.5038,USD/MWh
2025-08-20T07:00:00-00:00,caiso,electricity_price_caiso_sp15,43.0762,USD/MWh
2025-08-20T08:00:00-00:00,caiso,electricity_price_caiso_sp15,40.46168,USD/MWh
2025-08-20T09:00:00-00:00,caiso,electricity_price_caiso_sp15,39.81424,USD/MWh
2025-08-20T10:00:00-00:00,caiso,electricity_price_caiso_sp15,39.66332,USD/MWh
2025-08-20T11:00:00-00:00,caiso,electricity_price_caiso_sp15,40.36568,USD/MWh
2025-08-20T12:00:00-00:00,caiso,electricity_price_caiso_sp15,44.71123,USD/MWh
2025-08-20T13:00:00-00:00,caiso,electricity_price_caiso_sp15,48.0067,USD/MWh
2025-08-20T14:00:00-00:00,caiso,electricity_price_caiso_sp15,36.61356,USD/MWh
2025-08-20T15:00:00-00:00,caiso,electricity_price_caiso_sp15,30.15482,USD/MWh
2025-08-20T16:00:00-00:00,caiso,electricity_price_caiso_sp15,28.74183,USD/MWh
2025-08-20T17:00:00-00:00,caiso,electricity_price_caiso_sp15,31.20601,USD/MWh
2025-08-20T18:00:00-00:00,caiso,electricity_price_caiso_sp15,31.36932,USD/MWh
2025-08-20T19:00:00-00:00,caiso,electricity_price_caiso_sp15,32.48473,USD/MWh
2025-08-20T20:00:00-00:00,caiso,electricity_price_caiso_sp15,34.92996,USD/MWh
2025-08-20T21:00:00-00:00,caiso,electricity_price_caiso_sp15,38.23953,USD/MWh
2025-08-20T22:00:00-00:00,caiso,electricity_price_caiso_sp15,42.85849,USD/MWh
2025-08-20T23:00:00-00:00,caiso,electricity_price_caiso_sp15,44.45685,USD/MWh
2025-08-21T00:00:00-00:00,caiso,electricity_price_caiso_sp15,53.09161,USD/MWh
2025-08-21T01:00:00-00:00,caiso,electricity_price_caiso_sp15,63.95308,USD/MWh
2025-08-21T02:00:00-00:00,caiso,electricity_price_caiso_sp15,64.73492,USD/MWh
2025-08-21T03:00:00-00:00,caiso,electricity_price_caiso_sp15,59.56579,USD/MWh
2025-08-21T04:00:00-00:00,caiso,electricity_price_caiso_sp15,56.62061,USD/MWh
2025-08-21T05:00:00-00:00,caiso,electricity_price_caiso_sp15,51.93405,USD/MWh
2025-08-21T06:00:00-00:00,caiso,electricity_price_caiso_sp15,47.30937,USD/MWh
2025-08-21T07:00:00-00:00,caiso,electricity_price_caiso_sp15,50.03065,USD/MWh
2025-08-21T08:00:00-00:00,caiso,electricity_price_caiso_sp15,46.79062,USD/MWh
2025-08-21T09:00:00-00:00,caiso,electricity_price_caiso_sp15,44.28622,USD/MWh
2025-08-21T10:00:00-00:00,caiso,electricity_price_caiso_sp15,44.44048,USD/MWh
2025-08-21T11:00:00-00:00,caiso,electricity_price_caiso_sp15,45.05503,USD/MWh
2025-08-21T12:00:00-00:00,caiso,electricity_price_caiso_sp15,49.54892,USD/MWh
2025-08-21T13:00:00-00:00,caiso,electricity_price_caiso_sp15,52.88054,USD/MWh
2025-08-21T14:00:00-00:00,caiso,electricity_price_caiso_sp15,42.40348,USD/MWh
2025-08-21T15:00:00-00:00,caiso,electricity_price_caiso_sp15,35.93649,USD/MWh
2025-08-21T16:00:00-00:00,caiso,electricity_price_caiso_sp15,33.10849,USD/MWh
2025-08-21T17:00:00-00:00,caiso,electricity_price_caiso_sp15,34.57643,USD/MWh
2025-08-21T18:00:00-00:00,caiso,electricity_price_caiso_sp15,35.78283,USD/MWh
2025-08-21T19:00:00-00:00,caiso,electricity_price_caiso_sp15,38.91753,USD/MWh
2025-08-21T20:00:00-00:00,caiso,electricity_price_caiso_sp15,40.82382,USD/MWh
2025-08-21T21:00:00-00:00,caiso,electricity_price_caiso_sp15,42.3501,USD/MWh
2025-08-21T22:00:00-00:00,caiso,electricity_price_caiso_sp15,52.09312,USD/MWh
2025-08-21T23:00:00-00:00,caiso,electricity_price_caiso_sp15,53.55747,USD/MWh
2025-08-22T00:00:00-00:00,caiso,electricity_price_caiso_sp15,62.29496,USD/MWh
2025-08-22T01:00:00-00:00,caiso,electricity_price_caiso_sp15,90.22,USD/MWh
2025-08-22T02:00:00-00:00,caiso,electricity_price_caiso_sp15,100.22,USD/MWh
2025-08-22T03:00:00-00:00,caiso,electricity_price_caiso_sp15,83.19688,USD/MWh
2025-08-22T04:00:00-00:00,caiso,electricity_price_caiso_sp15,68.23781,USD/MWh
2025-08-22T05:00:00-00:00,caiso,electricity_price_caiso_sp15,62.47955,USD/MWh
2025-08-22T06:00:00-00:00,caiso,electricity_price_caiso_sp15,53.68752,USD/MWh
2025-08-22T07:00:00-00:00,caiso,electricity_price_caiso_sp15,61.20342,USD/MWh
2025-08-22T08:00:00-00:00,caiso,electricity_price_caiso_sp15,53.83805,USD/MWh
2025-08-22T09:00:00-00:00,caiso,electricity_price_caiso_sp15,51.66014,USD/MWh
2025-08-22T10:00:00-00:00,caiso,electricity_price_caiso_sp15,50.98761,USD/MWh
2025-08-22T11:00:00-00:00,caiso,electricity_price_caiso_sp15,51.13386,USD/MWh
2025-08-22T12:00:00-00:00,caiso,electricity_price_caiso_sp15,53.26913,USD/MWh
2025-08-22T13:00:00-00:00,caiso,electricity_price_caiso_sp15,60.42953,USD/MWh
2025-08-22T14:00:00-00:00,caiso,electricity_price_caiso_sp15,49.06958,USD/MWh
2025-08-22T15:00:00-00:00,caiso,electricity_price_caiso_sp15,46.79016,USD/MWh
2025-08-22T16:00:00-00:00,caiso,electricity_price_caiso_sp15,48.04627,USD/MWh
2025-08-22T17:00:00-00:00,caiso,electricity_price_caiso_sp15,48.2985,USD/MWh
2025-08-22T18:00:00-00:00,caiso,electricity_price_caiso_sp15,46.41629,USD/MWh
2025-08-22T19:00:00-00:00,caiso,electricity_price_caiso_sp15,46.86749,USD/MWh
2025-08-22T20:00:00-00:00,caiso,electricity_price_caiso_sp15,49.63746,USD/MWh
2025-08-22T21:00:00-00:00,caiso,electricity_price_caiso_sp15,55.67,USD/MWh
2025-08-22T22:00:00-00:00,caiso,electricity_price_caiso_sp15,59.66307,USD/MWh
2025-08-22T23:00:00-00:00,caiso,electricity_price_caiso_sp15,61.56426,USD/MWh
2025-08-23T00:00:00-00:00,caiso,electricity_price_caiso_sp15,71.11147,USD/MWh
2025-08-23T01:00:00-00:00,caiso,electricity_price_caiso_sp15,95.71428,USD/MWh
2025-08-23T02:00:00-00:00,caiso,electricity_price_caiso_sp15,112.58687,USD/MWh
2025-08-23T03:00:00-00:00,caiso,electricity_price_caiso_sp15,87.67549,USD/MWh
2025-08-23T04:00:00-00:00,caiso,electricity_price_caiso_sp15,73.91526,USD/MWh
2025-08-23T05:00:00-00:00,caiso,electricity_price_caiso_sp15,63.2453,USD/MWh
2025-08-23T06:00:00-00:00,caiso,electricity_price_caiso_sp15,61.38459,USD/MWh
2025-08-23T07:00:00-00:00,caiso,electricity_price_caiso_sp15,55.77063,USD/MWh
2025-08-23T08:00:00-00:00,caiso,electricity_price_caiso_sp15,51.61622,USD/MWh
2025-08-23T09:00:00-00:00,caiso,electricity_price_caiso_sp15,47.44232,USD/MWh
2025-08-23T10:00:00-00:00,caiso,electricity_price_caiso_sp15,46.41858,USD/MWh
2025-08-23T11:00:00-00:00,caiso,electricity_price_caiso_sp15,46.33143,USD/MWh
2025-08-23T12:00:00-00:00,caiso,electricity_price_caiso_sp15,45.62482,USD/MWh
2025-08-23T13:00:00-00:00,caiso,electricity_price_caiso_sp15,46.79331,USD/MWh
2025-08-23T14:00:00-00:00,caiso,electricity_price_caiso_sp15,43.69196,USD/MWh
2025-08-23T15:00:00-00:00,caiso,electricity_price_caiso_sp15,41.76965,USD/MWh
2025-08-23T16:00:00-00:00,caiso,electricity_price_caiso_sp15,42.45871,USD/MWh
2025-08-23T17:00:00-00:00,caiso,electricity_price_caiso_sp15,44.8758,USD/MWh
2025-08-23T18:00:00-00:00,caiso,electricity_price_caiso_sp15,44.98799,USD/MWh
2025-08-23T19:00:00-00:00,caiso,electricity_price_caiso_sp15,45.0101,USD/MWh
2025-08-23T20:00:00-00:00,caiso,electricity_price_caiso_sp15,45.72178,USD/MWh
2025-08-23T21:00:00-00:00,caiso,electricity_price_caiso_sp15,50.84761,USD/MWh
2025-08-23T22:00:00-00:00,caiso,electricity_price_caiso_sp15,57.00735,USD/MWh
2025-08-23T23:00:00-00:00,caiso,electricity_price_caiso_sp15,57.98305,USD/MWh
2025-08-24T00:00:00-00:00,caiso,electricity_price_caiso_sp15,62.97721,USD/MWh
2025-08-24T01:00:00-00:00,caiso,electricity_price_caiso_sp15,72.92775,USD/MWh
2025-08-24T02:00:00-00:00,caiso,electricity_price_caiso_sp15,83.77043,USD/MWh
2025-08-24T03:00:00-00:00,caiso,electricity_price_caiso_sp15,69.0,USD/MWh
2025-08-24T04:00:00-00:00,caiso,electricity_price_caiso_sp15,65.39081,USD/MWh
2025-08-24T05:00:00-00:00,caiso,electricity_price_caiso_sp15,58.60459,USD/MWh
2025-08-24T06:00:00-00:00,caiso,electricity_price_caiso_sp15,55.69807,USD/MWh
2025-08-24T07:00:00-00:00,caiso,electricity_price_caiso_sp15,53.27846,USD/MWh
2025-08-24T08:00:00-00:00,caiso,electricity_price_caiso_sp15,49.7548,USD/MWh
2025-08-24T09:00:00-00:00,caiso,electricity_price_caiso_sp15,47.67864,USD/MWh
2025-08-24T10:00:00-00:00,caiso,electricity_price_caiso_sp15,44.80354,USD/MWh
2025-08-24T11:00:00-00:00,caiso,electricity_price_caiso_sp15,44.81404,USD/MWh
2025-08-24T12:00:00-00:00,caiso,electricity_price_caiso_sp15,43.18355,USD/MWh
2025-08-24T13:00:00-00:00,caiso,electricity_price_caiso_sp15,43.10284,USD/MWh
2025-08-24T14:00:00-00:00,caiso,electricity_price_caiso_sp15,37.15391,USD/MWh
2025-08-24T15:00:00-00:00,caiso,electricity_price_caiso_sp15,33.64319,USD/MWh
2025-08-24T16:00:00-00:00,caiso,electricity_price_caiso_sp15,31.56436,USD/MWh
2025-08-24T17:00:00-00:00,caiso,electricity_price_caiso_sp15,32.27182,USD/MWh
2025-08-24T18:00:00-00:00,caiso,electricity_price_caiso_sp15,35.95517,USD/MWh
2025-08-24T19:00:00-00:00,caiso,electricity_price_caiso_sp15,36.40478,USD/MWh
2025-08-24T20:00:00-00:00,caiso,electricity_price_caiso_sp15,37.57116,USD/MWh
2025-08-24T21:00:00-00:00,caiso,electricity_price_caiso_sp15,39.7,USD/MWh
2025-08-24T22:00:00-00:00,caiso,electricity_price_caiso_sp15,44.1544,USD/MWh
2025-08-24T23:00:00-00:00,caiso,electricity_price_caiso_sp15,53.15861,USD/MWh
2025-08-25T00:00:00-00:00,caiso,electricity_price_caiso_sp15,59.95911,USD/MWh
2025-08-25T01:00:00-00:00,caiso,electricity_price_caiso_sp15,75.46787,USD/MWh
2025-08-25T02:00:00-00:00,caiso,electricity_price_caiso_sp15,78.11641,USD/MWh
2025-08-25T03:00:00-00:00,caiso,electricity_price_caiso_sp15,66.73988,USD/MWh
2025-08-25T04:00:00-00:00,caiso,electricity_price_caiso_sp15,62.63065,USD/MWh
2025-08-25T05:00:00-00:00,caiso,electricity_price_caiso_sp15,58.0298,USD/MWh
2025-08-25T06:00:00-00:00,caiso,electricity_price_caiso_sp15,55.11404,USD/MWh
2025-08-25T07:00:00-00:00,caiso,electricity_price_caiso_sp15,49.87116,USD/MWh
2025-08-25T08:00:00-00:00,caiso,electricity_price_caiso_sp15,45.70877,USD/MWh
2025-08-25T09:00:00-00:00,caiso,electricity_price_caiso_sp15,45.6054,USD/MWh
2025-08-25T10:00:00-00:00,caiso,electricity_price_caiso_sp15,45.84759,USD/MWh
2025-08-25T11:00:00-00:00,caiso,electricity_price_caiso_sp15,46.49059,USD/MWh
2025-08-25T12:00:00-00:00,caiso,electricity_price_caiso_sp15,46.63685,USD/MWh
2025-08-25T13:00:00-00:00,caiso,electricity_price_caiso_sp15,58.04125,USD/MWh
2025-08-25T14:00:00-00:00,caiso,electricity_price_caiso_sp15,47.22278,USD/MWh
2025-08-25T15:00:00-00:00,caiso,electricity_price_caiso_sp15,40.94977,USD/MWh
2025-08-25T16:00:00-00:00,caiso,electricity_price_caiso_sp15,42.72821,USD/MWh
2025-08-25T17:00:00-00:00,caiso,electricity_price_caiso_sp15,42.98646,USD/MWh
2025-08-25T18:00:00-00:00,caiso,electricity_price_caiso_sp15,43.28,USD/MWh
2025-08-25T19:00:00-00:00,caiso,electricity_price_caiso_sp15,45.11328,USD/MWh
2025-08-25T20:00:00-00:00,caiso,electricity_price_caiso_sp15,50.3768,USD/MWh
2025-08-25T21:00:00-00:00,caiso,electricity_price_caiso_sp15,58.28,USD/MWh
2025-08-25T22:00:00-00:00,caiso,electricity_price_caiso_sp15,64.01465,USD/MWh
2025-08-25T23:00:00-00:00,caiso,electricity_price_caiso_sp15,65.2098,USD/MWh
2025-08-26T00:00:00-00:00,caiso,electricity_price_caiso_sp15,67.22673,USD/MWh
2025-08-26T01:00:00-00:00,caiso,electricity_price_caiso_sp15,79.02595,USD/MWh
2025-08-26T02:00:00-00:00,caiso,electricity_price_caiso_sp15,78.91174,USD/MWh
2025-08-26T03:00:00-00:00,caiso,electricity_price_caiso_sp15,69.64149,USD/MWh
2025-08-26T04:00:00-00:00,caiso,electricity_price_caiso_sp15,66.96699,USD/MWh
2025-08-26T05:00:00-00:00,caiso,electricity_price_caiso_sp15,58.78977,USD/MWh
2025-08-26T06:00:00-00:00,caiso,electricity_price_caiso_sp15,56.32691,USD/MWh
2025-08-26T07:00:00-00:00,caiso,electricity_price_caiso_sp15,46.25702,USD/MWh
2025-08-26T08:00:00-00:00,caiso,electricity_price_caiso_sp15,44.59982,USD/MWh
2025-08-26T09:00:00-00:00,caiso,electricity_price_caiso_sp15,42.50659,USD/MWh
2025-08-26T10:00:00-00:00,caiso,electricity_price_caiso_sp15,42.88032,USD/MWh
2025-08-26T11:00:00-00:00,caiso,electricity_price_caiso_sp15,41.97232,USD/MWh
2025-08-26T12:00:00-00:00,caiso,electricity_price_caiso_sp15,43.06928,USD/MWh
2025-08-26T13:00:00-00:00,caiso,electricity_price_caiso_sp15,52.60741,USD/MWh
2025-08-26T14:00:00-00:00,caiso,electricity_price_caiso_sp15,43.65948,USD/MWh
2025-08-26T15:00:00-00:00,caiso,electricity_price_caiso_sp15,41.5811,USD/MWh
2025-08-26T16:00:00-00:00,caiso,electricity_price_caiso_sp15,41.70827,USD/MWh
2025-08-26T17:00:00-00:00,caiso,electricity_price_caiso_sp15,39.74437,USD/MWh
2025-08-26T18:00:00-00:00,caiso,electricity_price_caiso_sp15,40.88053,USD/MWh
2025-08-26T19:00:00-00:00,caiso,electricity_price_caiso_sp15,42.48423,USD/MWh
2025-08-26T20:00:00-00:00,caiso,electricity_price_caiso_sp15,43.04117,USD/MWh
2025-08-26T21:00:00-00:00,caiso,electricity_price_caiso_sp15,45.72439,USD/MWh
2025-08-26T22:00:00-00:00,caiso,electricity_price_caiso_sp15,50.03267,USD/MWh
2025-08-26T23:00:00-00:00,caiso,electricity_price_caiso_sp15,48.12778,USD/MWh
2025-08-27T00:00:00-00:00,caiso,electricity_price_caiso_sp15,54.73996,USD/MWh
2025-08-27T01:00:00-00:00,caiso,electricity_price_caiso_sp15,57.81081,USD/MWh
2025-08-27T02:00:00-00:00,caiso,electricity_price_caiso_sp15,63.62558,USD/MWh
2025-08-27T03:00:00-00:00,caiso,electricity_price_caiso_sp15,60.10368,USD/MWh
2025-08-27T04:00:00-00:00,caiso,electricity_price_caiso_sp15,59.14392,USD/MWh
2025-08-27T05:00:00-00:00,caiso,electricity_price_caiso_sp15,53.08444,USD/MWh
2025-08-27T06:00:00-00:00,caiso,electricity_price_caiso_sp15,47.73714,USD/MWh
2025-08-27T07:00:00-00:00,caiso,electricity_price_caiso_sp15,43.82082,USD/MWh
2025-08-27T08:00:00-00:00,caiso,electricity_price_caiso_sp15,41.58105,USD/MWh
2025-08-27T09:00:00-00:00,caiso,electricity_price_caiso_sp15,41.1165,USD/MWh
2025-08-27T10:00:00-00:00,caiso,electricity_price_caiso_sp15,40.43274,USD/MWh
2025-08-27T11:00:00-00:00,caiso,electricity_price_caiso_sp15,41.01916,USD/MWh
2025-08-27T12:00:00-00:00,caiso,electricity_price_caiso_sp15,41.77892,USD/MWh
2025-08-27T13:00:00-00:00,caiso,electricity_price_caiso_sp15,45.7519,USD/MWh
2025-08-27T14:00:00-00:00,caiso,electricity_price_caiso_sp15,40.57365,USD/MWh
2025-08-27T15:00:00-00:00,caiso,electricity_price_caiso_sp15,31.55095,USD/MWh
2025-08-27T16:00:00-00:00,caiso,electricity_price_caiso_sp15,30.5702,USD/MWh
2025-08-27T17:00:00-00:00,caiso,electricity_price_caiso_sp15,29.64276,USD/MWh
2025-08-27T18:00:00-00:00,caiso,electricity_price_caiso_sp15,29.63658,USD/MWh
2025-08-27T19:00:00-00:00,caiso,electricity_price_caiso_sp15,30.92928,USD/MWh
2025-08-27T20:00:00-00:00,caiso,electricity_price_caiso_sp15,29.59876,USD/MWh
2025-08-27T21:00:00-00:00,caiso,electricity_price_caiso_sp15,33.40934,USD/MWh
2025-08-27T22:00:00-00:00,caiso,electricity_price_caiso_sp15,36.06704,USD/MWh
2025-08-27T23:00:00-00:00,caiso,electricity_price_caiso_sp15,39.187,USD/MWh
2025-08-28T00:00:00-00:00,caiso,electricity_price_caiso_sp15,44.9478,USD/MWh
2025-08-28T01:00:00-00:00,caiso,electricity_price_caiso_sp15,50.30786,USD/MWh
2025-08-28T02:00:00-00:00,caiso,electricity_price_caiso_sp15,50.9672,USD/MWh
2025-08-28T03:00:00-00:00,caiso,electricity_price_caiso_sp15,49.53279,USD/MWh
2025-08-28T04:00:00-00:00,caiso,electricity_price_caiso_sp15,50.02372,USD/MWh
2025-08-28T05:00:00-00:00,caiso,electricity_price_caiso_sp15,48.52507,USD/MWh
2025-08-28T06:00:00-00:00,caiso,electricity_price_caiso_sp15,46.58069,USD/MWh
2025-08-28T07:00:00-00:00,caiso,electricity_price_caiso_sp15,42.73493,USD/MWh
2025-08-28T08:00:00-00:00,caiso,electricity_price_caiso_sp15,41.32939,USD/MWh
2025-08-28T09:00:00-00:00,caiso,electricity_price_caiso_sp15,40.82353,USD/MWh
2025-08-28T10:00:00-00:00,caiso,electricity_price_caiso_sp15,40.76271,USD/MWh
2025-08-28T11:00:00-00:00,caiso,electricity_price_caiso_sp15,40.95289,USD/MWh
2025-08-28T12:00:00-00:00,caiso,electricity_price_caiso_sp15,41.1291,USD/MWh
2025-08-28T13:00:00-00:00,caiso,electricity_price_caiso_sp15,47.46518,USD/MWh
2025-08-28T14:00:00-00:00,caiso,electricity_price_caiso_sp15,42.45835,USD/MWh
2025-08-28T15:00:00-00:00,caiso,electricity_price_caiso_sp15,41.5121,USD/MWh
2025-08-28T16:00:00-00:00,caiso,electricity_price_caiso_sp15,41.01181,USD/MWh
2025-08-28T17:00:00-00:00,caiso,electricity_price_caiso_sp15,40.43984,USD/MWh
2025-08-28T18:00:00-00:00,caiso,electricity_price_caiso_sp15,39.66322,USD/MWh
2025-08-28T19:00:00-00:00,caiso,electricity_price_caiso_sp15,39.25396,USD/MWh
2025-08-28T20:00:00-00:00,caiso,electricity_price_caiso_sp15,39.48485,USD/MWh
2025-08-28T21:00:00-00:00,caiso,electricity_price_caiso_sp15,40.30887,USD/MWh
2025-08-28T22:00:00-00:00,caiso,electricity_price_caiso_sp15,47.71344,USD/MWh
2025-08-28T23:00:00-00:00,caiso,electricity_price_caiso_sp15,48.24844,USD/MWh
2025-08-29T00:00:00-00:00,caiso,electricity_price_caiso_sp15,48.42935,USD/MWh
2025-08-29T01:00:00-00:00,caiso,electricity_price_caiso_sp15,54.55923,USD/MWh
2025-08-29T02:00:00-00:00,caiso,electricity_price_caiso_sp15,55.12965,USD/MWh
2025-08-29T03:00:00-00:00,caiso,electricity_price_caiso_sp15,53.94376,USD/MWh
2025-08-29T04:00:00-00:00,caiso,electricity_price_caiso_sp15,54.48012,USD/MWh
2025-08-29T05:00:00-00:00,caiso,electricity_price_caiso_sp15,52.17002,USD/MWh
2025-08-29T06:00:00-00:00,caiso,electricity_price_caiso_sp15,45.24211,USD/MWh
2025-08-29T07:00:00-00:00,caiso,electricity_price_caiso_sp15,40.90611,USD/MWh
2025-08-29T08:00:00-00:00,caiso,electricity_price_caiso_sp15,39.04175,USD/MWh
2025-08-29T09:00:00-00:00,caiso,electricity_price_caiso_sp15,37.27533,USD/MWh
2025-08-29T10:00:00-00:00,caiso,electricity_price_caiso_sp15,36.98265,USD/MWh
2025-08-29T11:00:00-00:00,caiso,electricity_price_caiso_sp15,38.82719,USD/MWh
2025-08-29T12:00:00-00:00,caiso,electricity_price_caiso_sp15,39.37742,USD/MWh
2025-08-29T13:00:00-00:00,caiso,electricity_price_caiso_sp15,42.16955,USD/MWh
2025-08-29T14:00:00-00:00,caiso,electricity_price_caiso_sp15,35.66823,USD/MWh
2025-08-29T15:00:00-00:00,caiso,electricity_price_caiso_sp15,22.14289,USD/MWh
2025-08-29T16:00:00-00:00,caiso,electricity_price_caiso_sp15,21.09432,USD/MWh
2025-08-29T17:00:00-00:00,caiso,electricity_price_caiso_sp15,20.71989,USD/MWh
2025-08-29T18:00:00-00:00,caiso,electricity_price_caiso_sp15,20.67796,USD/MWh
2025-08-29T19:00:00-00:00,caiso,electricity_price_caiso_sp15,22.36682,USD/MWh
2025-08-29T20:00:00-00:00,caiso,electricity_price_caiso_sp15,22.49503,USD/MWh
2025-08-29T21:00:00-00:00,caiso,electricity_price_caiso_sp15,23.30608,USD/MWh
2025-08-29T22:00:00-00:00,caiso,electricity_price_caiso_sp15,24.96783,USD/MWh
2025-08-29T23:00:00-00:00,caiso,electricity_price_caiso_sp15,27.3432,USD/MWh
2025-08-30T00:00:00-00:00,caiso,electricity_price_caiso_sp15,38.82451,USD/MWh
2025-08-30T01:00:00-00:00,caiso,electricity_price_caiso_sp15,54.27203,USD/MWh
2025-08-30T02:00:00-00:00,caiso,electricity_price_caiso_sp15,54.96199,USD/MWh
2025-08-30T03:00:00-00:00,caiso,electricity_price_caiso_sp15,52.10004,USD/MWh
2025-08-30T04:00:00-00:00,caiso,electricity_price_caiso_sp15,52.31347,USD/MWh
2025-08-30T05:00:00-00:00,caiso,electricity_price_caiso_sp15,50.78358,USD/MWh
2025-08-30T06:00:00-00:00,caiso,electricity_price_caiso_sp15,46.82669,USD/MWh
2025-08-30T07:00:00-00:00,caiso,electricity_price_caiso_sp15,41.06778,USD/MWh
2025-08-30T08:00:00-00:00,caiso,electricity_price_caiso_sp15,41.03786,USD/MWh
2025-08-30T09:00:00-00:00,caiso,electricity_price_caiso_sp15,37.9883,USD/MWh
2025-08-30T10:00:00-00:00,caiso,electricity_price_caiso_sp15,39.69674,USD/MWh
2025-08-30T11:00:00-00:00,caiso,electricity_price_caiso_sp15,41.0055,USD/MWh
2025-08-30T12:00:00-00:00,caiso,electricity_price_caiso_sp15,41.65448,USD/MWh
2025-08-30T13:00:00-00:00,caiso,electricity_price_caiso_sp15,42.70461,USD/MWh
2025-08-30T14:00:00-00:00,caiso,electricity_price_caiso_sp15,30.03531,USD/MWh
2025-08-30T15:00:00-00:00,caiso,electricity_price_caiso_sp15,22.43802,USD/MWh
2025-08-30T16:00:00-00:00,caiso,electricity_price_caiso_sp15,21.92853,USD/MWh
2025-08-30T17:00:00-00:00,caiso,electricity_price_caiso_sp15,22.27905,USD/MWh
2025-08-30T18:00:00-00:00,caiso,electricity_price_caiso_sp15,24.32942,USD/MWh
2025-08-30T19:00:00-00:00,caiso,electricity_price_caiso_sp15,23.99766,USD/MWh
2025-08-30T20:00:00-00:00,caiso,electricity_price_caiso_sp15,22.96611,USD/MWh
2025-08-30T21:00:00-00:00,caiso,electricity_price_caiso_sp15,23.0,USD/MWh
2025-08-30T22:00:00-00:00,caiso,electricity_price_caiso_sp15,27.54808,USD/MWh
2025-08-30T23:00:00-00:00,caiso,electricity_price_caiso_sp15,32.70795,USD/MWh
2025-08-31T00:00:00-00:00,caiso,electricity_price_caiso_sp15,41.01659,USD/MWh
2025-08-31T01:00:00-00:00,caiso,electricity_price_caiso_sp15,49.62821,USD/MWh
2025-08-31T02:00:00-00:00,caiso,electricity_price_caiso_sp15,59.62025,USD/MWh
2025-08-31T03:00:00-00:00,caiso,electricity_price_caiso_sp15,49.67691,USD/MWh
2025-08-31T04:00:00-00:00,caiso,electricity_price_caiso_sp15,50.20721,USD/MWh
2025-08-31T05:00:00-00:00,caiso,electricity_price_caiso_sp15,48.41989,USD/MWh
2025-08-31T06:00:00-00:00,caiso,electricity_price_caiso_sp15,48.05397,USD/MWh
2025-08-31T07:00:00-00:00,caiso,electricity_price_caiso_sp15,44.78109,USD/MWh
2025-08-31T08:00:00-00:00,caiso,electricity_price_caiso_sp15,43.84679,USD/MWh
2025-08-31T09:00:00-00:00,caiso,electricity_price_caiso_sp15,40.29554,USD/MWh
2025-08-31T10:00:00-00:00,caiso,electricity_price_caiso_sp15,40.22864,USD/MWh
2025-08-31T11:00:00-00:00,caiso,electricity_price_caiso_sp15,39.64912,USD/MWh
2025-08-31T12:00:00-00:00,caiso,electricity_price_caiso_sp15,38.99323,USD/MWh
2025-08-31T13:00:00-00:00,caiso,electricity_price_caiso_sp15,39.58572,USD/MWh
2025-08-31T14:00:00-00:00,caiso,electricity_price_caiso_sp15,29.53409,USD/MWh
2025-08-31T15:00:00-00:00,caiso,electricity_price_caiso_sp15,21.57754,USD/MWh
2025-08-31T16:00:00-00:00,caiso,electricity_price_caiso_sp15,21.38124,USD/MWh
2025-08-31T17:00:00-00:00,caiso,electricity_price_caiso_sp15,21.92385,USD/MWh
2025-08-31T18:00:00-00:00,caiso,electricity_price_caiso_sp15,23.55989,USD/MWh
2025-08-31T19:00:00-00:00,caiso,electricity_price_caiso_sp15,24.62969,USD/MWh
2025-08-31T20:00:00-00:00,caiso,electricity_price_caiso_sp15,25.12347,USD/MWh
2025-08-31T21:00:00-00:00,caiso,electricity_price_caiso_sp15,28.57137,USD/MWh
2025-08-31T22:00:00-00:00,caiso,electricity_price_caiso_sp15,34.11098,USD/MWh
2025-08-31T23:00:00-00:00,caiso,electricity_price_caiso_sp15,39.22629,USD/MWh
2025-09-01T00:00:00-00:00,caiso,electricity_price_caiso_sp15,45.18912,USD/MWh
2025-09-01T01:00:00-00:00,caiso,electricity_price_caiso_sp15,53.78327,USD/MWh
2025-09-01T02:00:00-00:00,caiso,electricity_price_caiso_sp15,65.18687,USD/MWh
2025-09-01T03:00:00-00:00,caiso,electricity_price_caiso_sp15,53.19875,USD/MWh
2025-09-01T04:00:00-00:00,caiso,electricity_price_caiso_sp15,53.49188,USD/MWh
2025-09-01T05:00:00-00:00,caiso,electricity_price_caiso_sp15,51.96966,USD/MWh
2025-09-01T06:00:00-00:00,caiso,electricity_price_caiso_sp15,47.78666,USD/MWh
2025-09-01T07:00:00-00:00,caiso,electricity_price_caiso_sp15,44.45862,USD/MWh
